day,,Coral ID,Count,Q1,Q2,Q3,Q4,average,Coral ID
1.0,,171.0,1.0,28.0,28.0,20.0,31.0,=average(E2:H5),171.0
1.0,,171.0,2.0,27.0,17.0,25.0,21.0
1.0,,171.0,3.0,33.0,20.0,18.0,22.0
1.0,,171.0,4.0,38.0,31.0,29.0,28.0
1.0,,182.0,1.0,23.0,19.0,29.0,27.0,=average(E6:H9),182.0
1.0,,182.0,2.0,19.0,20.0,20.0,27.0
1.0,,182.0,3.0,26.0,23.0,42.0,35.0
1.0,,182.0,4.0,42.0,19.0,32.0,32.0
1.0,,256.0,1.0,26.0,43.0,52.0,47.0,=average(E10:H13),256.0
1.0,,256.0,2.0,39.0,51.0,56.0,54.0
1.0,,256.0,3.0,43.0,63.0,36.0,49.0
1.0,,256.0,4.0,45.0,45.0,37.0,46.0
1.0,,263.0,1.0,20.0,43.0,30.0,47.0,=average(E14:H17),263.0
1.0,,263.0,2.0,42.0,36.0,55.0,42.0
1.0,,263.0,3.0,25.0,34.0,33.0,41.0
1.0,,263.0,4.0,25.0,39.0,21.0,42.0
1.0,,151.0,1.0,45.0,50.0,44.0,47.0,=average(E18:H21),151.0
1.0,,151.0,2.0,66.0,58.0,66.0,63.0
1.0,,151.0,3.0,50.0,51.0,45.0,47.0
1.0,,151.0,4.0,48.0,37.0,46.0,50.0
1.0,,164.0,1.0,118.0,113.0,111.0,92.0,=average(E22:H25),164.0
1.0,,164.0,2.0,121.0,115.0,118.0,83.0
1.0,,164.0,3.0,76.0,111.0,87.0,82.0
1.0,,164.0,4.0,103.0,108.0,111.0,103.0
1.0,,254.0,1.0,38.0,20.0,36.0,34.0,=average(E26:H29),254.0
1.0,,254.0,2.0,27.0,27.0,16.0,17.0
1.0,,254.0,3.0,30.0,33.0,25.0,33.0
1.0,,254.0,4.0,39.0,34.0,29.0,38.0
1.0,,261.0,1.0,53.0,64.0,55.0,60.0,=average(E30:H33),261.0
1.0,,261.0,2.0,61.0,52.0,45.0,53.0
1.0,,261.0,3.0,35.0,64.0,53.0,61.0
1.0,,261.0,4.0,44.0,52.0,56.0,56.0
1.0,,224.0,1.0,29.0,23.0,41.0,48.0,=average(E34:H37),224.0
1.0,,224.0,2.0,35.0,31.0,35.0,27.0
1.0,,224.0,3.0,35.0,37.0,33.0,26.0
1.0,,224.0,4.0,25.0,28.0,36.0,24.0
1.0,,296.0,1.0,24.0,23.0,25.0,23.0,=average(E38:H41),296.0
1.0,,296.0,2.0,26.0,28.0,24.0,29.0
1.0,,296.0,3.0,30.0,28.0,26.0,36.0
1.0,,296.0,4.0,30.0,21.0,24.0,35.0
1.0,,226.0,1.0,37.0,43.0,43.0,40.0,=average(E42:H45),226.0
1.0,,226.0,2.0,38.0,31.0,26.0,34.0
1.0,,226.0,3.0,23.0,41.0,27.0,24.0
1.0,,226.0,4.0,29.0,22.0,36.0,30.0
1.0,,280.0,1.0,50.0,47.0,63.0,37.0,=average(E46:H49),280.0
1.0,,280.0,2.0,45.0,45.0,45.0,42.0
1.0,,280.0,3.0,54.0,45.0,47.0,50.0
1.0,,280.0,4.0,42.0,51.0,59.0,60.0
1.0,,111.0,1.0,48.0,49.0,37.0,32.0,=average(E50:H53),111.0
1.0,,111.0,2.0,35.0,39.0,51.0,37.0
1.0,,111.0,3.0,48.0,53.0,38.0,42.0
1.0,,111.0,4.0,46.0,52.0,42.0,40.0
1.0,,197.0,1.0,22.0,20.0,15.0,8.0,=average(E54:H57),197.0
1.0,,197.0,2.0,13.0,19.0,20.0,19.0
1.0,,197.0,3.0,41.0,22.0,12.0,29.0
1.0,,197.0,4.0,25.0,19.0,17.0,29.0
1.0,,198.0,1.0,26.0,29.0,29.0,25.0,=average(E58:H61),198.0
1.0,,198.0,2.0,28.0,30.0,22.0,27.0
1.0,,198.0,3.0,21.0,36.0,22.0,19.0
1.0,,198.0,4.0,23.0,36.0,35.0,26.0
1.0,,278.0,1.0,41.0,58.0,50.0,48.0,=average(E62:H65),278.0
1.0,,278.0,2.0,62.0,42.0,30.0,40.0
1.0,,278.0,3.0,48.0,43.0,35.0,30.0
1.0,,278.0,4.0,62.0,55.0,52.0,55.0
1.0,,259.0,1.0,35.0,20.0,19.0,25.0,=average(E66:H69),259.0
1.0,,259.0,2.0,20.0,13.0,24.0,23.0
1.0,,259.0,3.0,27.0,17.0,16.0,12.0
1.0,,259.0,4.0,17.0,10.0,16.0,6.0
1.0,,249.0,1.0,49.0,54.0,64.0,50.0,=average(E70:H73),249.0
1.0,,249.0,2.0,46.0,47.0,57.0,40.0
1.0,,249.0,3.0,40.0,60.0,43.0,44.0
1.0,,249.0,4.0,41.0,36.0,33.0,49.0
1.0,,181.0,1.0,39.0,36.0,52.0,55.0,=average(E74:H77),181.0
1.0,,181.0,2.0,39.0,43.0,40.0,45.0
1.0,,181.0,3.0,30.0,26.0,32.0,41.0
1.0,,181.0,4.0,31.0,46.0,44.0,39.0
1.0,,287.0,1.0,41.0,49.0,55.0,42.0,=average(E78:H81),287.0
1.0,,287.0,2.0,39.0,40.0,48.0,58.0
1.0,,287.0,3.0,55.0,61.0,43.0,47.0
1.0,,287.0,4.0,56.0,63.0,45.0,48.0
1.0,,298.0,1.0,64.0,64.0,58.0,60.0,=average(E82:H85),298.0
1.0,,298.0,2.0,54.0,63.0,67.0,61.0
1.0,,298.0,3.0,66.0,56.0,55.0,59.0
1.0,,298.0,4.0,71.0,60.0,72.0,77.0
1.0,,148.0,1.0,55.0,55.0,54.0,60.0,=average(E86:H89),148.0
1.0,,148.0,2.0,52.0,55.0,55.0,57.0
1.0,,148.0,3.0,52.0,60.0,62.0,68.0
1.0,,148.0,4.0,51.0,67.0,74.0,61.0
1.0,,234.0,1.0,72.0,75.0,68.0,59.0,=average(E90:H93),234.0
1.0,,234.0,2.0,71.0,59.0,65.0,78.0
1.0,,234.0,3.0,78.0,78.0,74.0,63.0
1.0,,234.0,4.0,81.0,80.0,78.0,66.0
1.0,,262.0,1.0,64.0,67.0,68.0,67.0,=average(E94:H97),262.0
1.0,,262.0,2.0,55.0,92.0,69.0,64.0
1.0,,262.0,3.0,70.0,59.0,55.0,65.0
1.0,,262.0,4.0,82.0,56.0,74.0,53.0
1.0,,300.0,1.0,36.0,43.0,37.0,36.0,=average(E98:H101),300.0
1.0,,300.0,2.0,34.0,29.0,36.0,32.0
1.0,,300.0,3.0,28.0,34.0,32.0,43.0
1.0,,300.0,4.0,28.0,38.0,35.0,37.0
1.0,,246.0,1.0,52.0,43.0,66.0,38.0,=average(E102:H105),246.0
1.0,,246.0,2.0,52.0,49.0,42.0,52.0
1.0,,246.0,3.0,45.0,41.0,56.0,51.0
1.0,,246.0,4.0,40.0,50.0,57.0,46.0
1.0,,183.0,1.0,24.0,22.0,23.0,21.0,=average(E106:H109),183.0
1.0,,183.0,2.0,20.0,19.0,17.0,15.0
1.0,,183.0,3.0,18.0,16.0,12.0,26.0
1.0,,183.0,4.0,21.0,13.0,13.0,14.0
1.0,,276.0,1.0,36.0,38.0,35.0,43.0,=average(E110:H113),276.0
1.0,,276.0,2.0,32.0,33.0,44.0,46.0
1.0,,276.0,3.0,41.0,35.0,41.0,42.0
1.0,,276.0,4.0,25.0,37.0,35.0,48.0
1.0,,192.0,1.0,63.0,56.0,59.0,55.0,=average(E114:H117),192.0
1.0,,192.0,2.0,61.0,58.0,46.0,60.0
1.0,,192.0,3.0,50.0,54.0,53.0,61.0
1.0,,192.0,4.0,56.0,66.0,54.0,78.0
1.0,,244.0,1.0,39.0,19.0,31.0,43.0,=average(E118:H121),244.0
1.0,,244.0,2.0,30.0,45.0,21.0,29.0
1.0,,244.0,3.0,58.0,30.0,46.0,45.0
1.0,,244.0,4.0,33.0,40.0,33.0,34.0
1.0,,203.0,1.0,66.0,75.0,58.0,59.0,=average(E122:H125),203.0
1.0,,203.0,2.0,67.0,60.0,59.0,65.0
1.0,,203.0,3.0,51.0,57.0,57.0,52.0
1.0,,203.0,4.0,53.0,51.0,57.0,64.0
1.0,,231.0,1.0,28.0,33.0,49.0,49.0,=average(E126:H129),231.0
1.0,,231.0,2.0,43.0,46.0,49.0,36.0
1.0,,231.0,3.0,40.0,39.0,43.0,41.0
1.0,,231.0,4.0,38.0,37.0,40.0,34.0
1.0,,227.0,1.0,58.0,66.0,57.0,61.0,=average(E130:H133),227.0
1.0,,227.0,2.0,53.0,65.0,50.0,67.0
1.0,,227.0,3.0,51.0,60.0,56.0,58.0
1.0,,227.0,4.0,49.0,65.0,54.0,63.0
1.0,,288.0,1.0,33.0,36.0,37.0,30.0,=average(E134:H137),288.0
1.0,,288.0,2.0,41.0,23.0,36.0,36.0
1.0,,288.0,3.0,40.0,54.0,34.0,36.0
1.0,,288.0,4.0,43.0,43.0,33.0,45.0
1.0,,188.0,1.0,18.0,18.0,19.0,16.0,=average(E138:H141),188.0
1.0,,188.0,2.0,21.0,15.0,23.0,13.0
1.0,,188.0,3.0,19.0,17.0,14.0,17.0
1.0,,188.0,4.0,16.0,22.0,22.0,14.0
1.0,,200.0,1.0,31.0,35.0,37.0,37.0,=average(E142:H145),200.0
1.0,,200.0,2.0,26.0,25.0,34.0,31.0
1.0,,200.0,3.0,29.0,39.0,33.0,32.0
1.0,,200.0,4.0,39.0,41.0,40.0,36.0
1.0,,210.0,1.0,24.0,20.0,22.0,24.0,=average(E146:H149),210.0
1.0,,210.0,2.0,14.0,33.0,24.0,22.0
1.0,,210.0,3.0,23.0,26.0,17.0,33.0
1.0,,210.0,4.0,23.0,22.0,24.0,25.0
1.0,,274.0,1.0,43.0,42.0,37.0,45.0,=average(E150:H153),274.0
1.0,,274.0,2.0,51.0,59.0,50.0,40.0
1.0,,274.0,3.0,34.0,44.0,45.0,41.0
1.0,,274.0,4.0,48.0,47.0,44.0,50.0
1.0,,140.0,1.0,61.0,57.0,72.0,52.0,=average(E154:H157),140.0
1.0,,140.0,2.0,57.0,52.0,54.0,47.0
1.0,,140.0,3.0,62.0,63.0,64.0,54.0
1.0,,140.0,4.0,54.0,56.0,57.0,41.0
1.0,,209.0,1.0,21.0,19.0,25.0,22.0,=average(E158:H161),209.0
1.0,,209.0,2.0,35.0,19.0,18.0,28.0
1.0,,209.0,3.0,24.0,26.0,33.0,22.0
1.0,,209.0,4.0,28.0,26.0,18.0,25.0
1.0,,238.0,1.0,53.0,66.0,56.0,49.0,=average(E162:H165),238.0
1.0,,238.0,2.0,42.0,60.0,57.0,40.0
1.0,,238.0,3.0,55.0,62.0,42.0,46.0
1.0,,238.0,4.0,62.0,56.0,46.0,42.0
1.0,,222.0,1.0,31.0,39.0,35.0,39.0,=average(E166:H169),222.0
1.0,,222.0,2.0,30.0,37.0,35.0,40.0
1.0,,222.0,3.0,31.0,35.0,45.0,32.0
1.0,,222.0,4.0,38.0,37.0,39.0,34.0
1.0,,228.0,1.0,42.0,47.0,58.0,39.0,=average(E170:H173),228.0
1.0,,228.0,2.0,28.0,45.0,42.0,41.0
1.0,,228.0,3.0,46.0,34.0,31.0,29.0
1.0,,228.0,4.0,45.0,36.0,30.0,37.0
1.0,,294.0,1.0,56.0,36.0,58.0,52.0,=average(E174:H177),294.0
1.0,,294.0,2.0,50.0,46.0,44.0,43.0
1.0,,294.0,3.0,56.0,35.0,46.0,39.0
1.0,,294.0,4.0,54.0,52.0,56.0,60.0
1.0,,159.0,1.0,52.0,37.0,40.0,45.0,=average(E178:H181),159.0
1.0,,159.0,2.0,38.0,42.0,52.0,43.0
1.0,,159.0,3.0,50.0,44.0,48.0,50.0
1.0,,159.0,4.0,49.0,39.0,47.0,51.0
1.0,,264.0,1.0,22.0,20.0,28.0,27.0,=average(E182:H185),264.0
1.0,,264.0,2.0,17.0,16.0,12.0,27.0
1.0,,264.0,3.0,33.0,51.0,54.0,44.0
1.0,,264.0,4.0,52.0,57.0,35.0,54.0
1.0,,268.0,1.0,55.0,60.0,53.0,65.0,=average(E186:H189),268.0
1.0,,268.0,2.0,72.0,68.0,62.0,59.0
1.0,,268.0,3.0,49.0,58.0,63.0,68.0
1.0,,268.0,4.0,60.0,72.0,72.0,58.0
1.0,,257.0,1.0,63.0,53.0,47.0,53.0,=average(E190:H193),257.0
1.0,,257.0,2.0,49.0,51.0,50.0,54.0
1.0,,257.0,3.0,52.0,48.0,65.0,61.0
1.0,,257.0,4.0,62.0,55.0,51.0,55.0
3.0,,187.0,1.0,42.0,51.0,57.0,47.0,=average(E194:H197),=C194
3.0,,187.0,2.0,40.0,53.0,55.0,55.0
3.0,,187.0,3.0,40.0,60.0,46.0,51.0
3.0,,187.0,4.0,62.0,39.0,57.0,42.0
3.0,,193.0,1.0,12.0,8.0,11.0,11.0,=average(E198:H201),=C198
3.0,,193.0,2.0,10.0,11.0,3.0,6.0
3.0,,193.0,3.0,29.0,15.0,19.0,19.0
3.0,,193.0,4.0,19.0,19.0,22.0,11.0
3.0,,290.0,1.0,37.0,57.0,47.0,53.0,=average(E202:H205),=C202
3.0,,290.0,2.0,41.0,40.0,43.0,44.0
3.0,,290.0,3.0,36.0,57.0,41.0,50.0
3.0,,290.0,4.0,37.0,34.0,42.0,54.0
3.0,,211.0,1.0,29.0,33.0,31.0,30.0,=average(E206:H209),=C206
3.0,,211.0,2.0,24.0,23.0,25.0,27.0
3.0,,211.0,3.0,32.0,37.0,23.0,28.0
3.0,,211.0,4.0,35.0,28.0,23.0,18.0
3.0,,190.0,1.0,47.0,48.0,44.0,45.0,=average(E210:H213),=C210
3.0,,190.0,2.0,56.0,54.0,52.0,42.0
3.0,,190.0,3.0,36.0,33.0,41.0,45.0
3.0,,190.0,4.0,45.0,46.0,31.0,36.0
3.0,,155.0,1.0,16.0,16.0,27.0,48.0,=average(E214:H217),=C214
3.0,,155.0,2.0,23.0,17.0,19.0,27.0
3.0,,155.0,3.0,15.0,19.0,12.0,16.0
3.0,,155.0,4.0,24.0,15.0,18.0,16.0
3.0,,185.0,1.0,22.0,15.0,13.0,19.0,=average(E218:H221),=C218
3.0,,185.0,2.0,23.0,19.0,17.0,17.0
3.0,,185.0,3.0,26.0,16.0,14.0,17.0
3.0,,185.0,4.0,22.0,20.0,15.0,9.0
3.0,,273.0,1.0,21.0,29.0,36.0,31.0,=average(E222:H225),=C222
3.0,,273.0,2.0,32.0,22.0,23.0,31.0
3.0,,273.0,3.0,27.0,29.0,29.0,24.0
3.0,,273.0,4.0,30.0,36.0,33.0,20.0
3.0,,218.0,1.0,34.0,60.0,50.0,47.0,=average(E226:H229),=C226
3.0,,218.0,2.0,42.0,54.0,58.0,49.0
3.0,,218.0,3.0,56.0,58.0,65.0,54.0
3.0,,218.0,4.0,45.0,55.0,43.0,49.0
3.0,,239.0,1.0,32.0,22.0,26.0,19.0,=average(E230:H233),=C230
3.0,,239.0,2.0,33.0,33.0,28.0,29.0
3.0,,239.0,3.0,30.0,27.0,24.0,20.0
3.0,,239.0,4.0,23.0,27.0,19.0,26.0
3.0,,297.0,1.0,51.0,36.0,43.0,36.0,=average(E234:H237),=C234
3.0,,297.0,2.0,47.0,52.0,35.0,45.0
3.0,,297.0,3.0,53.0,47.0,49.0,37.0
3.0,,297.0,4.0,37.0,34.0,34.0,42.0
3.0,,153.0,1.0,16.0,21.0,24.0,24.0,=average(E238:H241),=C238
3.0,,153.0,2.0,19.0,11.0,21.0,20.0
3.0,,153.0,3.0,20.0,10.0,27.0,19.0
3.0,,153.0,4.0,30.0,13.0,17.0,17.0
3.0,,138.0,1.0,6.0,6.0,5.0,10.0,=average(E242:H245),=C242
3.0,,138.0,2.0,7.0,12.0,7.0,8.0
3.0,,138.0,3.0,15.0,15.0,15.0,16.0
3.0,,138.0,4.0,17.0,16.0,16.0,18.0
3.0,,223.0,1.0,48.0,42.0,38.0,46.0,=average(E246:H249),=C246
3.0,,223.0,2.0,46.0,48.0,45.0,53.0
3.0,,223.0,3.0,47.0,50.0,45.0,40.0
3.0,,223.0,4.0,55.0,51.0,37.0,35.0
3.0,,242.0,1.0,47.0,30.0,48.0,49.0,=average(E250:H253),=C250
3.0,,242.0,2.0,46.0,45.0,49.0,33.0
3.0,,242.0,3.0,53.0,33.0,47.0,40.0
3.0,,242.0,4.0,58.0,49.0,40.0,44.0
3.0,,282.0,1.0,42.0,40.0,47.0,36.0,=average(E254:H257),=C254
3.0,,282.0,2.0,47.0,54.0,43.0,45.0
3.0,,282.0,3.0,56.0,44.0,45.0,46.0
3.0,,282.0,4.0,51.0,69.0,53.0,45.0
3.0,,284.0,1.0,51.0,46.0,30.0,27.0,=average(E258:H261),=C258
3.0,,284.0,2.0,41.0,47.0,47.0,33.0
3.0,,284.0,3.0,30.0,39.0,42.0,38.0
3.0,,284.0,4.0,47.0,38.0,55.0,40.0
3.0,,236.0,1.0,23.0,29.0,34.0,27.0,=average(E262:H265),=C262
3.0,,236.0,2.0,30.0,27.0,31.0,30.0
3.0,,236.0,3.0,27.0,24.0,22.0,31.0
3.0,,236.0,4.0,29.0,21.0,32.0,26.0
3.0,,112.0,1.0,18.0,25.0,26.0,19.0,=average(E266:H269),=C266
3.0,,112.0,2.0,25.0,23.0,24.0,18.0
3.0,,112.0,3.0,26.0,24.0,34.0,28.0
3.0,,112.0,4.0,24.0,23.0,25.0,24.0
3.0,,206.0,1.0,37.0,26.0,30.0,31.0,=average(E270:H273),=C270
3.0,,206.0,2.0,23.0,27.0,29.0,29.0
3.0,,206.0,3.0,44.0,25.0,26.0,29.0
3.0,,206.0,4.0,42.0,45.0,31.0,32.0
3.0,,212.0,1.0,78.0,75.0,61.0,67.0,=average(E274:H277),=C274
3.0,,212.0,2.0,82.0,79.0,78.0,87.0
3.0,,212.0,3.0,59.0,49.0,71.0,80.0
3.0,,212.0,4.0,78.0,94.0,59.0,67.0
3.0,,134.0,1.0,35.0,39.0,47.0,43.0,=average(E278:H281),=C278
3.0,,134.0,2.0,46.0,34.0,43.0,37.0
3.0,,134.0,3.0,45.0,42.0,48.0,52.0
3.0,,134.0,4.0,45.0,33.0,47.0,45.0
3.0,,208.0,1.0,34.0,41.0,55.0,42.0,=average(E282:H285),=C282
3.0,,208.0,2.0,42.0,42.0,49.0,35.0
3.0,,208.0,3.0,35.0,31.0,32.0,40.0
3.0,,208.0,4.0,46.0,38.0,25.0,44.0
3.0,,157.0,1.0,41.0,48.0,35.0,28.0,=average(E286:H289),=C286
3.0,,157.0,2.0,29.0,48.0,37.0,36.0
3.0,,157.0,3.0,33.0,28.0,44.0,40.0
3.0,,157.0,4.0,35.0,49.0,32.0,41.0
3.0,,265.0,1.0,49.0,46.0,44.0,36.0,=average(E290:H293),=C290
3.0,,265.0,2.0,40.0,45.0,67.0,51.0
3.0,,265.0,3.0,36.0,45.0,55.0,70.0
3.0,,265.0,4.0,49.0,44.0,46.0,48.0
3.0,,216.0,1.0,30.0,34.0,36.0,35.0,=average(E294:H297),=C294
3.0,,216.0,2.0,32.0,30.0,32.0,27.0
3.0,,216.0,3.0,31.0,32.0,31.0,31.0
3.0,,216.0,4.0,27.0,32.0,35.0,27.0
3.0,,194.0,1.0,41.0,42.0,45.0,65.0,=average(E298:H301),=C298
3.0,,194.0,2.0,50.0,44.0,45.0,48.0
3.0,,194.0,3.0,40.0,39.0,35.0,43.0
3.0,,194.0,4.0,53.0,45.0,53.0,43.0
3.0,,301.0,1.0,39.0,40.0,46.0,52.0,=average(E302:H305),=C302
3.0,,301.0,2.0,56.0,39.0,43.0,48.0
3.0,,301.0,3.0,36.0,52.0,46.0,42.0
3.0,,301.0,4.0,46.0,35.0,32.0,48.0
3.0,,245.0,1.0,55.0,68.0,58.0,60.0,=average(E306:H309),=C306
3.0,,245.0,2.0,58.0,57.0,72.0,45.0
3.0,,245.0,3.0,59.0,47.0,71.0,65.0
3.0,,245.0,4.0,54.0,49.0,57.0,40.0
3.0,,281.0,1.0,66.0,62.0,62.0,55.0,=average(E310:H313),=C310
3.0,,281.0,2.0,66.0,56.0,58.0,66.0
3.0,,281.0,3.0,51.0,58.0,54.0,68.0
3.0,,281.0,4.0,45.0,58.0,60.0,46.0
3.0,,247.0,1.0,43.0,40.0,44.0,53.0,=average(E314:H317),=C314
3.0,,247.0,2.0,18.0,38.0,35.0,42.0
3.0,,247.0,3.0,27.0,29.0,40.0,38.0
3.0,,247.0,4.0,29.0,40.0,35.0,31.0
3.0,,272.0,1.0,45.0,39.0,37.0,37.0,=average(E318:H321),=C318
3.0,,272.0,2.0,60.0,48.0,44.0,43.0
3.0,,272.0,3.0,37.0,49.0,40.0,34.0
3.0,,272.0,4.0,51.0,58.0,51.0,45.0
3.0,,255.0,1.0,50.0,46.0,48.0,49.0,=average(E322:H325),=C322
3.0,,255.0,2.0,53.0,43.0,50.0,45.0
3.0,,255.0,3.0,38.0,53.0,48.0,41.0
3.0,,255.0,4.0,39.0,41.0,36.0,31.0
3.0,,201.0,1.0,31.0,40.0,33.0,34.0,=average(E326:H329),=C326
3.0,,201.0,2.0,36.0,28.0,34.0,35.0
3.0,,201.0,3.0,25.0,30.0,30.0,30.0
3.0,,201.0,4.0,37.0,29.0,45.0,31.0
3.0,,250.0,1.0,52.0,45.0,43.0,34.0,=average(E330:H333),=C330
3.0,,250.0,2.0,47.0,55.0,53.0,59.0
3.0,,250.0,3.0,43.0,55.0,45.0,44.0
3.0,,250.0,4.0,46.0,56.0,48.0,40.0
3.0,,229.0,1.0,7.0,10.0,9.0,11.0,=average(E334:H337),=C334
3.0,,229.0,2.0,16.0,7.0,8.0,14.0
3.0,,229.0,3.0,26.0,27.0,21.0,30.0
3.0,,229.0,4.0,30.0,28.0,29.0,29.0
3.0,,167.0,1.0,47.0,44.0,39.0,47.0,=average(E338:H341),=C338
3.0,,167.0,2.0,51.0,38.0,37.0,40.0
3.0,,167.0,3.0,32.0,35.0,42.0,54.0
3.0,,167.0,4.0,34.0,46.0,44.0,28.0
3.0,,219.0,1.0,18.0,16.0,12.0,14.0,=average(E342:H345),=C342
3.0,,219.0,2.0,20.0,18.0,20.0,14.0
3.0,,219.0,3.0,18.0,16.0,16.0,16.0
3.0,,219.0,4.0,21.0,17.0,17.0,14.0
3.0,,295.0,1.0,37.0,37.0,41.0,35.0,=average(E346:H349),295.0
3.0,,295.0,2.0,55.0,34.0,32.0,37.0
3.0,,295.0,3.0,42.0,30.0,40.0,35.0
3.0,,295.0,4.0,36.0,36.0,33.0,49.0
3.0,,271.0,1.0,81.0,65.0,80.0,76.0,=average(E350:H353),271.0
3.0,,271.0,2.0,74.0,63.0,72.0,79.0
3.0,,271.0,3.0,60.0,58.0,81.0,75.0
3.0,,271.0,4.0,73.0,74.0,64.0,77.0
3.0,,160.0,1.0,32.0,28.0,34.0,25.0,=average(E354:H357),160.0
3.0,,160.0,2.0,30.0,24.0,34.0,34.0
3.0,,160.0,3.0,27.0,24.0,34.0,39.0
3.0,,160.0,4.0,31.0,31.0,24.0,28.0
3.0,,270.0,1.0,21.0,20.0,32.0,21.0,=average(E358:H361),270.0
3.0,,270.0,2.0,28.0,28.0,21.0,24.0
3.0,,270.0,3.0,13.0,29.0,25.0,23.0
3.0,,270.0,4.0,25.0,15.0,22.0,27.0
3.0,,221.0,1.0,18.0,26.0,16.0,31.0,=average(E362:H365),221.0
3.0,,221.0,2.0,17.0,25.0,26.0,15.0
3.0,,221.0,3.0,18.0,28.0,15.0,9.0
3.0,,221.0,4.0,16.0,13.0,22.0,25.0
3.0,,266.0,1.0,40.0,37.0,30.0,37.0,=average(E366:H369),266.0
3.0,,266.0,2.0,33.0,28.0,33.0,35.0
3.0,,266.0,3.0,39.0,36.0,50.0,31.0
3.0,,266.0,4.0,29.0,40.0,31.0,36.0
3.0,,220.0,1.0,51.0,42.0,53.0,34.0,=average(E370:H373),220.0
3.0,,220.0,2.0,49.0,50.0,48.0,45.0
3.0,,220.0,3.0,46.0,41.0,49.0,45.0
3.0,,220.0,4.0,33.0,39.0,40.0,45.0
3.0,,289.0,1.0,22.0,41.0,27.0,29.0,=average(E374:H377),289.0
3.0,,289.0,2.0,33.0,31.0,40.0,29.0
3.0,,289.0,3.0,31.0,39.0,35.0,35.0
3.0,,289.0,4.0,40.0,36.0,31.0,25.0
3.0,,168.0,1.0,33.0,41.0,31.0,43.0,=average(E378:H381),168.0
3.0,,168.0,2.0,26.0,41.0,46.0,31.0
3.0,,168.0,3.0,27.0,43.0,40.0,48.0
3.0,,168.0,4.0,40.0,39.0,38.0,33.0
3.0,,241.0,1.0,8.0,6.0,6.0,10.0,=average(E382:H385),241.0
3.0,,241.0,2.0,12.0,8.0,10.0,8.0
3.0,,241.0,3.0,17.0,24.0,19.0,19.0
3.0,,241.0,4.0,19.0,21.0,18.0,17.0
10.0,,189.0,1.0,27.0,24.0,31.0,23.0,=average(E386:H389),189.0
10.0,,189.0,2.0,35.0,29.0,31.0,28.0
10.0,,189.0,3.0,36.0,34.0,23.0,26.0
10.0,,189.0,4.0,32.0,25.0,29.0,39.0
10.0,,258.0,1.0,34.0,56.0,55.0,46.0,=average(E390:H393),258.0
10.0,,258.0,2.0,42.0,42.0,49.0,43.0
10.0,,258.0,3.0,46.0,57.0,65.0,62.0
10.0,,258.0,4.0,42.0,48.0,56.0,63.0
10.0,,277.0,1.0,26.0,17.0,14.0,17.0,=average(E394:H397),277.0
10.0,,277.0,2.0,18.0,19.0,16.0,18.0
10.0,,277.0,3.0,22.0,18.0,27.0,17.0
10.0,,277.0,4.0,24.0,21.0,28.0,24.0
10.0,,286.0,1.0,28.0,23.0,15.0,24.0,=average(E398:H401),286.0
10.0,,286.0,2.0,27.0,16.0,23.0,19.0
10.0,,286.0,3.0,24.0,26.0,26.0,24.0
10.0,,286.0,4.0,20.0,21.0,34.0,23.0
10.0,,252.0,1.0,58.0,53.0,62.0,62.0,=average(E402:H405),252.0
10.0,,252.0,2.0,52.0,51.0,49.0,39.0
10.0,,252.0,3.0,46.0,53.0,43.0,56.0
10.0,,252.0,4.0,40.0,59.0,65.0,48.0
10.0,,207.0,1.0,7.0,13.0,12.0,13.0,=average(E406:H409),207.0
10.0,,207.0,2.0,14.0,14.0,14.0,15.0
10.0,,207.0,3.0,12.0,11.0,17.0,18.0
10.0,,207.0,4.0,17.0,9.0,11.0,17.0
10.0,,204.0,1.0,33.0,46.0,52.0,56.0,=average(E410:H413),204.0
10.0,,204.0,2.0,60.0,55.0,60.0,48.0
10.0,,204.0,3.0,45.0,71.0,44.0,53.0
10.0,,204.0,4.0,46.0,59.0,53.0,52.0
10.0,,214.0,1.0,13.0,17.0,12.0,9.0,=average(E414:H417),214.0
10.0,,214.0,2.0,11.0,21.0,16.0,10.0
10.0,,214.0,3.0,13.0,11.0,13.0,20.0
10.0,,214.0,4.0,15.0,11.0,13.0,18.0
10.0,,215.0,1.0,32.0,46.0,29.0,37.0,=average(E418:H421),215.0
10.0,,215.0,2.0,43.0,42.0,42.0,46.0
10.0,,215.0,3.0,32.0,36.0,35.0,46.0
10.0,,215.0,4.0,23.0,33.0,36.0,37.0
10.0,,196.0,1.0,26.0,29.0,29.0,29.0,=average(E422:H425),196.0
10.0,,196.0,2.0,36.0,41.0,27.0,26.0
10.0,,196.0,3.0,27.0,43.0,53.0,37.0
10.0,,196.0,4.0,39.0,44.0,41.0,28.0
10.0,,230.0,1.0,12.0,11.0,6.0,14.0,=average(E426:H429),230.0
10.0,,230.0,2.0,14.0,11.0,13.0,13.0
10.0,,230.0,3.0,23.0,13.0,11.0,10.0
10.0,,230.0,4.0,17.0,15.0,13.0,15.0
10.0,,240.0,1.0,32.0,23.0,22.0,29.0,=average(E430:H433),240.0
10.0,,240.0,2.0,18.0,28.0,24.0,21.0
10.0,,240.0,3.0,19.0,32.0,24.0,23.0
10.0,,240.0,4.0,14.0,27.0,23.0,18.0
10.0,,291.0,1.0,69.0,72.0,64.0,61.0,=average(E434:H437),291.0
10.0,,291.0,2.0,51.0,55.0,53.0,48.0
10.0,,291.0,3.0,48.0,55.0,43.0,65.0
10.0,,291.0,4.0,58.0,55.0,55.0,57.0
10.0,,299.0,1.0,34.0,35.0,47.0,42.0,=average(E438:H441),299.0
10.0,,299.0,2.0,50.0,42.0,44.0,39.0
10.0,,299.0,3.0,31.0,45.0,36.0,38.0
10.0,,299.0,4.0,55.0,36.0,35.0,44.0
10.0,,293.0,1.0,33.0,34.0,41.0,41.0,=average(E442:H445),293.0
10.0,,293.0,2.0,42.0,32.0,29.0,40.0
10.0,,293.0,3.0,35.0,36.0,45.0,30.0
10.0,,293.0,4.0,32.0,32.0,37.0,22.0
10.0,,184.0,1.0,8.0,3.0,6.0,8.0,=average(E446:H449),184.0
10.0,,184.0,2.0,6.0,7.0,7.0,9.0
10.0,,184.0,3.0,8.0,7.0,3.0,11.0
10.0,,184.0,4.0,9.0,4.0,10.0,9.0
10.0,,191.0,1.0,29.0,29.0,34.0,33.0,=average(E450:H453),191.0
10.0,,191.0,2.0,22.0,27.0,37.0,38.0
10.0,,191.0,3.0,25.0,25.0,30.0,36.0
10.0,,191.0,4.0,41.0,32.0,38.0,27.0
10.0,,283.0,1.0,19.0,26.0,31.0,20.0,=average(E454:H457),283.0
10.0,,283.0,2.0,25.0,19.0,28.0,18.0
10.0,,283.0,3.0,19.0,20.0,18.0,33.0
10.0,,283.0,4.0,34.0,30.0,24.0,27.0
10.0,,253.0,1.0,54.0,63.0,57.0,61.0,=average(E458:H461),253.0
10.0,,253.0,2.0,55.0,54.0,52.0,68.0
10.0,,253.0,3.0,60.0,41.0,56.0,52.0
10.0,,253.0,4.0,77.0,55.0,57.0,59.0
10.0,,243.0,1.0,42.0,72.0,45.0,55.0,=average(E462:H465),243.0
10.0,,243.0,2.0,71.0,43.0,55.0,54.0
10.0,,243.0,3.0,48.0,63.0,59.0,64.0
10.0,,243.0,4.0,40.0,49.0,46.0,55.0
10.0,,233.0,1.0,4.0,5.0,3.0,4.0,=average(E466:H469),233.0
10.0,,233.0,2.0,2.0,4.0,4.0,4.0
10.0,,233.0,3.0,6.0,2.0,2.0,1.0
10.0,,233.0,4.0,3.0,8.0,1.0,4.0
10.0,,269.0,1.0,45.0,43.0,61.0,54.0,=average(E470:H473),269.0
10.0,,269.0,2.0,57.0,45.0,47.0,60.0
10.0,,269.0,3.0,52.0,68.0,63.0,53.0
10.0,,269.0,4.0,66.0,66.0,54.0,52.0
10.0,,137.0,1.0,51.0,46.0,49.0,52.0,=average(E474:H477),137.0
10.0,,137.0,2.0,50.0,41.0,42.0,48.0
10.0,,137.0,3.0,49.0,41.0,47.0,57.0
10.0,,137.0,4.0,47.0,41.0,59.0,45.0
10.0,,142.0,1.0,9.0,5.0,10.0,7.0,=average(E478:H481),142.0
10.0,,142.0,2.0,3.0,12.0,11.0,8.0
10.0,,142.0,3.0,5.0,5.0,4.0,1.0
10.0,,142.0,4.0,4.0,9.0,11.0,14.0
10.0,,260.0,1.0,54.0,50.0,42.0,30.0,=average(E482:H485),260.0
10.0,,260.0,2.0,32.0,44.0,28.0,38.0
10.0,,260.0,3.0,49.0,38.0,32.0,33.0
10.0,,260.0,4.0,50.0,38.0,49.0,47.0
10.0,,114.0,1.0,15.0,15.0,28.0,17.0,=average(E486:H489),114.0
10.0,,114.0,2.0,31.0,32.0,29.0,41.0
10.0,,114.0,3.0,20.0,23.0,17.0,30.0
10.0,,114.0,4.0,25.0,35.0,26.0,33.0
10.0,,217.0,1.0,36.0,37.0,47.0,43.0,=average(E490:H493),217.0
10.0,,217.0,2.0,39.0,41.0,39.0,34.0
10.0,,217.0,3.0,31.0,45.0,42.0,36.0
10.0,,217.0,4.0,62.0,37.0,47.0,35.0
10.0,,158.0,1.0,10.0,7.0,12.0,9.0,=average(E494:H497),158.0
10.0,,158.0,2.0,6.0,11.0,12.0,11.0
10.0,,158.0,3.0,5.0,8.0,9.0,11.0
10.0,,158.0,4.0,10.0,16.0,11.0,17.0
10.0,,186.0,1.0,15.0,19.0,9.0,15.0,=average(E498:H501),186.0
10.0,,186.0,2.0,20.0,13.0,12.0,16.0
10.0,,186.0,3.0,13.0,14.0,15.0,16.0
10.0,,186.0,4.0,12.0,17.0,17.0,17.0
10.0,,285.0,1.0,42.0,65.0,27.0,50.0,=average(E502:H505),285.0
10.0,,285.0,2.0,50.0,44.0,37.0,40.0
10.0,,285.0,3.0,40.0,44.0,46.0,43.0
10.0,,285.0,4.0,38.0,41.0,42.0,55.0
10.0,,195.0,1.0,18.0,14.0,19.0,12.0,=average(E506:H509),195.0
10.0,,195.0,2.0,8.0,10.0,14.0,16.0
10.0,,195.0,3.0,19.0,15.0,21.0,22.0
10.0,,195.0,4.0,23.0,15.0,13.0,14.0
10.0,,202.0,1.0,30.0,48.0,44.0,38.0,=average(E510:H513),202.0
10.0,,202.0,2.0,37.0,37.0,33.0,37.0
10.0,,202.0,3.0,51.0,31.0,47.0,36.0
10.0,,202.0,4.0,41.0,44.0,37.0,51.0
10.0,,135.0,1.0,68.0,51.0,57.0,41.0,=average(E514:H517),135.0
10.0,,135.0,2.0,55.0,60.0,48.0,49.0
10.0,,135.0,3.0,54.0,45.0,51.0,66.0
10.0,,135.0,4.0,56.0,64.0,67.0,57.0
10.0,,251.0,1.0,40.0,38.0,25.0,21.0,=average(E518:H521),251.0
10.0,,251.0,2.0,36.0,36.0,32.0,32.0
10.0,,251.0,3.0,25.0,28.0,32.0,28.0
10.0,,251.0,4.0,27.0,37.0,19.0,26.0
10.0,,199.0,1.0,48.0,50.0,42.0,57.0,=average(E522:H525),199.0
10.0,,199.0,2.0,57.0,55.0,53.0,54.0
10.0,,199.0,3.0,42.0,57.0,50.0,52.0
10.0,,199.0,4.0,52.0,47.0,49.0,50.0
10.0,,292.0,1.0,46.0,44.0,61.0,49.0,=average(E526:H529),292.0
10.0,,292.0,2.0,28.0,47.0,44.0,39.0
10.0,,292.0,3.0,52.0,42.0,56.0,46.0
10.0,,292.0,4.0,58.0,53.0,56.0,56.0
10.0,,279.0,1.0,42.0,45.0,47.0,34.0,=average(E530:H533),279.0
10.0,,279.0,2.0,37.0,34.0,34.0,35.0
10.0,,279.0,3.0,26.0,29.0,41.0,43.0
10.0,,279.0,4.0,28.0,43.0,24.0,44.0
10.0,,180.0,1.0,5.0,9.0,5.0,7.0,=average(E534:H537),180.0
10.0,,180.0,2.0,5.0,6.0,10.0,7.0
10.0,,180.0,3.0,8.0,7.0,7.0,5.0
10.0,,180.0,4.0,9.0,6.0,7.0,10.0
10.0,,235.0,1.0,12.0,6.0,11.0,10.0,=average(E538:H541),235.0
10.0,,235.0,2.0,8.0,7.0,10.0,8.0
10.0,,235.0,3.0,10.0,9.0,11.0,7.0
10.0,,235.0,4.0,12.0,8.0,6.0,9.0
10.0,,205.0,1.0,15.0,16.0,14.0,16.0,=average(E542:H545),205.0
10.0,,205.0,2.0,20.0,14.0,20.0,23.0
10.0,,205.0,3.0,17.0,23.0,13.0,20.0
10.0,,205.0,4.0,18.0,15.0,18.0,15.0
10.0,,213.0,1.0,46.0,47.0,52.0,51.0,=average(E546:H549),213.0
10.0,,213.0,2.0,41.0,47.0,44.0,44.0
10.0,,213.0,3.0,38.0,42.0,35.0,28.0
10.0,,213.0,4.0,50.0,31.0,55.0,39.0
10.0,,275.0,1.0,65.0,50.0,58.0,45.0,=average(E550:H553),275.0
10.0,,275.0,2.0,53.0,51.0,56.0,56.0
10.0,,275.0,3.0,65.0,68.0,57.0,62.0
10.0,,275.0,4.0,38.0,52.0,59.0,61.0
10.0,,267.0,1.0,49.0,65.0,62.0,79.0,=average(E554:H557),267.0
10.0,,267.0,2.0,46.0,65.0,71.0,60.0
10.0,,267.0,3.0,74.0,80.0,67.0,70.0
10.0,,267.0,4.0,73.0,69.0,75.0,72.0
10.0,,248.0,1.0,33.0,45.0,36.0,41.0,=average(E558:H561),248.0
10.0,,248.0,2.0,43.0,27.0,30.0,48.0
10.0,,248.0,3.0,40.0,42.0,31.0,35.0
10.0,,248.0,4.0,42.0,43.0,29.0,44.0
10.0,,232.0,1.0,33.0,29.0,35.0,33.0,=average(E562:H565),232.0
10.0,,232.0,2.0,26.0,33.0,38.0,41.0
10.0,,232.0,3.0,43.0,41.0,33.0,40.0
10.0,,232.0,4.0,39.0,27.0,40.0,39.0
10.0,,136.0,1.0,9.0,7.0,12.0,8.0,=average(E566:H569),136.0
10.0,,136.0,2.0,8.0,7.0,6.0,6.0
10.0,,136.0,3.0,9.0,5.0,6.0,16.0
10.0,,136.0,4.0,9.0,10.0,12.0,7.0
10.0,,237.0,1.0,44.0,40.0,47.0,40.0,=average(E570:H573),237.0
10.0,,237.0,2.0,62.0,45.0,38.0,53.0
10.0,,237.0,3.0,39.0,47.0,40.0,61.0
10.0,,237.0,4.0,38.0,49.0,49.0,44.0
10.0,,225.0,1.0,19.0,11.0,22.0,18.0,=average(E574:H577),225.0
10.0,,225.0,2.0,20.0,20.0,23.0,29.0
10.0,,225.0,3.0,28.0,24.0,28.0,24.0
10.0,,225.0,4.0,23.0,15.0,22.0,20.0
15.0,,154.0,1.0,1.0,2.0,1.0,2.0,=average(E578:H581),154.0
15.0,,154.0,2.0,0.0,4.0,2.0,0.0
15.0,,154.0,3.0,1.0,1.0,1.0,1.0
15.0,,154.0,4.0,2.0,1.0,4.0,1.0
15.0,,120.0,1.0,1.0,1.0,0.0,0.0,=average(E582:H585),120.0
15.0,,120.0,2.0,2.0,1.0,2.0,1.0
15.0,,120.0,3.0,0.0,3.0,1.0,0.0
15.0,,120.0,4.0,0.0,0.0,1.0,1.0
15.0,,110.0,1.0,4.0,7.0,3.0,5.0,=average(E586:H589),110.0
15.0,,110.0,2.0,5.0,6.0,5.0,4.0
15.0,,110.0,3.0,4.0,5.0,0.0,6.0
15.0,,110.0,4.0,4.0,2.0,5.0,4.0
15.0,,150.0,1.0,8.0,6.0,4.0,6.0,=average(E590:H593),150.0
15.0,,150.0,2.0,6.0,5.0,5.0,6.0
15.0,,150.0,3.0,6.0,3.0,3.0,4.0
15.0,,150.0,4.0,2.0,4.0,1.0,2.0
15.0,,144.0,1.0,39.0,45.0,35.0,43.0,=average(E594:H597),144.0
15.0,,144.0,2.0,34.0,35.0,47.0,34.0
15.0,,144.0,3.0,32.0,35.0,38.0,34.0
15.0,,144.0,4.0,28.0,33.0,36.0,40.0
15.0,,147.0,1.0,49.0,50.0,44.0,65.0,=average(E598:H601),147.0
15.0,,147.0,2.0,45.0,39.0,51.0,37.0
15.0,,147.0,3.0,53.0,38.0,59.0,40.0
15.0,,147.0,4.0,28.0,33.0,36.0,40.0
15.0,,143.0,1.0,5.0,2.0,4.0,3.0,=average(E602:H605),143.0
15.0,,143.0,2.0,4.0,1.0,5.0,7.0
15.0,,143.0,3.0,4.0,6.0,3.0,1.0
15.0,,143.0,4.0,2.0,6.0,4.0,2.0
15.0,,178.0,1.0,4.0,6.0,4.0,5.0,=average(E606:H609),178.0
15.0,,178.0,2.0,2.0,1.0,2.0,2.0
15.0,,178.0,3.0,2.0,0.0,1.0,1.0
15.0,,178.0,4.0,0.0,3.0,2.0,4.0
15.0,,123.0,1.0,39.0,44.0,36.0,34.0,=average(E610:H613),123.0
15.0,,123.0,2.0,35.0,41.0,33.0,32.0
15.0,,123.0,3.0,29.0,34.0,37.0,44.0
15.0,,123.0,4.0,28.0,39.0,33.0,36.0
15.0,,128.0,1.0,3.0,5.0,5.0,5.0,=average(E614:H617),128.0
15.0,,128.0,2.0,6.0,0.0,6.0,7.0
15.0,,128.0,3.0,3.0,6.0,11.0,9.0
15.0,,128.0,4.0,7.0,7.0,9.0,6.0
15.0,,141.0,1.0,9.0,7.0,15.0,12.0,=average(E618:H621),141.0
15.0,,141.0,2.0,11.0,14.0,15.0,16.0
15.0,,141.0,3.0,19.0,11.0,11.0,15.0
15.0,,141.0,4.0,14.0,11.0,11.0,14.0
15.0,,169.0,1.0,49.0,48.0,54.0,44.0,=average(E622:H625),169.0
15.0,,169.0,2.0,58.0,46.0,44.0,60.0
15.0,,169.0,3.0,55.0,62.0,46.0,61.0
15.0,,169.0,4.0,52.0,49.0,55.0,38.0
15.0,,129.0,1.0,28.0,33.0,17.0,24.0,=average(E626:H629),129.0
15.0,,129.0,2.0,32.0,33.0,37.0,28.0
15.0,,129.0,3.0,26.0,36.0,41.0,39.0
15.0,,129.0,4.0,24.0,41.0,36.0,35.0
15.0,,165.0,1.0,2.0,2.0,2.0,1.0,=average(E630:H633),165.0
15.0,,165.0,2.0,3.0,2.0,2.0,3.0
15.0,,165.0,3.0,2.0,4.0,1.0,1.0
15.0,,165.0,4.0,2.0,5.0,1.0,3.0
15.0,,172.0,1.0,25.0,29.0,34.0,25.0,=average(E634:H637),172.0
15.0,,172.0,2.0,24.0,19.0,28.0,16.0
15.0,,172.0,3.0,30.0,17.0,21.0,21.0
15.0,,172.0,4.0,34.0,22.0,25.0,30.0
15.0,,163.0,1.0,15.0,31.0,27.0,33.0,=average(E638:H641),163.0
15.0,,163.0,2.0,21.0,26.0,30.0,24.0
15.0,,163.0,3.0,23.0,21.0,31.0,23.0
15.0,,163.0,4.0,30.0,18.0,24.0,22.0
15.0,,139.0,1.0,54.0,48.0,50.0,38.0,=average(E642:H645),139.0
15.0,,139.0,2.0,43.0,48.0,45.0,49.0
15.0,,139.0,3.0,58.0,45.0,54.0,53.0
15.0,,139.0,4.0,37.0,39.0,49.0,45.0
15.0,,122.0,1.0,39.0,29.0,35.0,29.0,=average(E646:H649),122.0
15.0,,122.0,2.0,48.0,25.0,38.0,36.0
15.0,,122.0,3.0,32.0,32.0,24.0,28.0
15.0,,122.0,4.0,23.0,32.0,32.0,32.0
15.0,,170.0,1.0,0.0,0.0,0.0,1.0,=average(E650:H653),170.0
15.0,,170.0,2.0,1.0,0.0,2.0,1.0
15.0,,170.0,3.0,0.0,1.0,1.0,2.0
15.0,,170.0,4.0,1.0,1.0,1.0,1.0
15.0,,131.0,1.0,41.0,47.0,44.0,38.0,=average(E654:H657),131.0
15.0,,131.0,2.0,40.0,38.0,46.0,48.0
15.0,,131.0,3.0,39.0,36.0,41.0,34.0
15.0,,131.0,4.0,30.0,34.0,43.0,29.0
15.0,,127.0,1.0,20.0,30.0,20.0,16.0,=average(E658:H661),127.0
15.0,,127.0,2.0,20.0,19.0,12.0,21.0
15.0,,127.0,3.0,22.0,24.0,18.0,16.0
15.0,,127.0,4.0,21.0,24.0,22.0,16.0
15.0,,113.0,1.0,33.0,35.0,41.0,38.0,=average(E662:H665),113.0
15.0,,113.0,2.0,36.0,35.0,37.0,29.0
15.0,,113.0,3.0,49.0,42.0,54.0,33.0
15.0,,113.0,4.0,43.0,32.0,40.0,47.0
15.0,,174.0,1.0,13.0,19.0,14.0,17.0,=average(E666:H669),174.0
15.0,,174.0,2.0,14.0,13.0,13.0,6.0
15.0,,174.0,3.0,16.0,11.0,19.0,18.0
15.0,,174.0,4.0,12.0,13.0,15.0,10.0
15.0,,149.0,1.0,12.0,10.0,8.0,8.0,=average(E670:H673),149.0
15.0,,149.0,2.0,10.0,7.0,9.0,11.0
15.0,,149.0,3.0,11.0,12.0,11.0,10.0
15.0,,149.0,4.0,11.0,12.0,16.0,17.0
15.0,,146.0,1.0,38.0,37.0,31.0,42.0,=average(E674:H677),146.0
15.0,,146.0,2.0,42.0,44.0,43.0,44.0
15.0,,146.0,3.0,55.0,44.0,47.0,41.0
15.0,,146.0,4.0,54.0,46.0,44.0,48.0
15.0,,176.0,1.0,32.0,29.0,30.0,37.0,=average(E678:H681),176.0
15.0,,176.0,2.0,25.0,42.0,38.0,26.0
15.0,,176.0,3.0,35.0,35.0,33.0,36.0
15.0,,176.0,4.0,35.0,24.0,38.0,27.0
15.0,,124.0,1.0,16.0,6.0,10.0,8.0,=average(E682:H685),124.0
15.0,,124.0,2.0,7.0,16.0,7.0,18.0
15.0,,124.0,3.0,9.0,7.0,11.0,11.0
15.0,,124.0,4.0,20.0,12.0,9.0,12.0
15.0,,118.0,1.0,35.0,38.0,34.0,35.0,=average(E686:H689),118.0
15.0,,118.0,2.0,33.0,44.0,39.0,34.0
15.0,,118.0,3.0,35.0,34.0,46.0,35.0
15.0,,118.0,4.0,38.0,46.0,49.0,30.0
15.0,,173.0,1.0,32.0,37.0,25.0,40.0,=average(E690:H693),173.0
15.0,,173.0,2.0,23.0,36.0,40.0,26.0
15.0,,173.0,3.0,37.0,39.0,43.0,46.0
15.0,,173.0,4.0,39.0,39.0,46.0,38.0
15.0,,116.0,1.0,21.0,19.0,15.0,18.0,=average(E694:H697),116.0
15.0,,116.0,2.0,13.0,16.0,14.0,19.0
15.0,,116.0,3.0,9.0,21.0,18.0,17.0
15.0,,116.0,4.0,22.0,23.0,22.0,13.0
15.0,,126.0,1.0,1.0,1.0,1.0,4.0,=average(E698:H701),126.0
15.0,,126.0,2.0,3.0,1.0,0.0,3.0
15.0,,126.0,3.0,1.0,3.0,1.0,2.0
15.0,,126.0,4.0,2.0,3.0,1.0,2.0
15.0,,132.0,1.0,14.0,14.0,22.0,10.0,=average(E702:H705),132.0
15.0,,132.0,2.0,10.0,19.0,17.0,9.0
15.0,,132.0,3.0,13.0,8.0,16.0,15.0
15.0,,132.0,4.0,10.0,18.0,7.0,8.0
15.0,,156.0,1.0,30.0,32.0,29.0,39.0,=average(E706:H709),156.0
15.0,,156.0,2.0,27.0,29.0,26.0,28.0
15.0,,156.0,3.0,36.0,45.0,44.0,46.0
15.0,,156.0,4.0,27.0,28.0,37.0,29.0
15.0,,145.0,1.0,24.0,24.0,24.0,28.0,=average(E710:H713),145.0
15.0,,145.0,2.0,26.0,21.0,27.0,26.0
15.0,,145.0,3.0,19.0,29.0,18.0,23.0
15.0,,145.0,4.0,28.0,27.0,37.0,22.0
15.0,,119.0,1.0,27.0,22.0,25.0,19.0,=average(E714:H717),119.0
15.0,,119.0,2.0,28.0,32.0,22.0,19.0
15.0,,119.0,3.0,20.0,21.0,25.0,24.0
15.0,,119.0,4.0,37.0,28.0,34.0,26.0
15.0,,125.0,1.0,62.0,50.0,46.0,51.0,=average(E718:H721),125.0
15.0,,125.0,2.0,76.0,50.0,54.0,58.0
15.0,,125.0,3.0,50.0,71.0,70.0,76.0
15.0,,125.0,4.0,59.0,67.0,65.0,63.0
15.0,,133.0,1.0,24.0,11.0,16.0,16.0,=average(E722:H725),133.0
15.0,,133.0,2.0,20.0,19.0,10.0,14.0
15.0,,133.0,3.0,14.0,21.0,24.0,19.0
15.0,,133.0,4.0,17.0,15.0,20.0,17.0
15.0,,162.0,1.0,43.0,36.0,36.0,41.0,=average(E726:H729),162.0
15.0,,162.0,2.0,30.0,25.0,39.0,40.0
15.0,,162.0,3.0,32.0,41.0,36.0,50.0
15.0,,162.0,4.0,36.0,30.0,40.0,42.0
15.0,,152.0,1.0,8.0,11.0,7.0,9.0,=average(E730:H733),152.0
15.0,,152.0,2.0,10.0,10.0,10.0,8.0
15.0,,152.0,3.0,7.0,9.0,7.0,5.0
15.0,,152.0,4.0,5.0,12.0,13.0,3.0
15.0,,117.0,1.0,50.0,55.0,38.0,39.0,=average(E734:H737),117.0
15.0,,117.0,2.0,58.0,52.0,45.0,55.0
15.0,,117.0,3.0,65.0,46.0,50.0,40.0
15.0,,117.0,4.0,44.0,37.0,53.0,60.0
15.0,,121.0,1.0,73.0,61.0,59.0,77.0,=average(E738:H741),121.0
15.0,,121.0,2.0,77.0,58.0,60.0,59.0
15.0,,121.0,3.0,70.0,71.0,66.0,65.0
15.0,,121.0,4.0,69.0,51.0,62.0,76.0
15.0,,115.0,1.0,24.0,24.0,15.0,27.0,=average(E742:H745),115.0
15.0,,115.0,2.0,22.0,19.0,19.0,21.0
15.0,,115.0,3.0,21.0,18.0,14.0,24.0
15.0,,115.0,4.0,28.0,34.0,25.0,21.0
15.0,,166.0,1.0,42.0,35.0,30.0,26.0,=average(E746:H749),166.0
15.0,,166.0,2.0,42.0,43.0,41.0,36.0
15.0,,166.0,3.0,37.0,41.0,40.0,33.0
15.0,,166.0,4.0,27.0,36.0,48.0,25.0
15.0,,175.0,1.0,1.0,1.0,2.0,1.0,=average(E750:H753),175.0
15.0,,175.0,2.0,1.0,1.0,0.0,2.0
15.0,,175.0,3.0,0.0,1.0,0.0,1.0
15.0,,175.0,4.0,0.0,0.0,1.0,0.0
15.0,,179.0,1.0,59.0,51.0,61.0,74.0,=average(E754:H757),179.0
15.0,,179.0,2.0,55.0,57.0,57.0,48.0
15.0,,179.0,3.0,58.0,68.0,52.0,64.0
15.0,,179.0,4.0,54.0,66.0,60.0,56.0
15.0,,161.0,1.0,0.0,1.0,0.0,0.0,=average(E758:H761),161.0
15.0,,161.0,2.0,1.0,1.0,1.0,0.0
15.0,,161.0,3.0,0.0,2.0,2.0,0.0
15.0,,161.0,4.0,0.0,0.0,1.0,0.0
15.0,,130.0,1.0,51.0,61.0,48.0,44.0,=average(E762:H765),130.0
15.0,,130.0,2.0,43.0,50.0,56.0,35.0
15.0,,130.0,3.0,57.0,49.0,72.0,53.0
15.0,,130.0,4.0,43.0,54.0,52.0,52.0
15.0,,177.0,1.0,30.0,38.0,35.0,31.0,=average(E766:H769),177.0
15.0,,177.0,2.0,44.0,44.0,36.0,40.0
15.0,,177.0,3.0,41.0,27.0,35.0,41.0
15.0,,177.0,4.0,32.0,31.0,45.0,40.0
